name,trailer
HEAD_001,TRAILER_001
HEAD_002,TRAILER_002
HEAD_003,TRAILER_003
HEAD_004,TRAILER_004
HEAD_005,TRAILER_005
HEAD_006,TRAILER_006
HEAD_007,TRAILER_007
HEAD_008,TRAILER_008
HEAD_009,TRAILER_009
HEAD_010,TRAILER_010
HEAD_011,TRAILER_011
HEAD_012,TRAILER_012
HEAD_013,TRAILER_013
HEAD_014,TRAILER_014
HEAD_015,TRAILER_015
HEAD_016,TRAILER_016
HEAD_017,TRAILER_017
HEAD_018,TRAILER_018
HEAD_019,TRAILER_019
HEAD_020,TRAILER_020
HEAD_021,TRAILER_021
HEAD_022,TRAILER_022
HEAD_023,TRAILER_023
HEAD_024,TRAILER_024
HEAD_025,TRAILER_025
HEAD_026,TRAILER_026
HEAD_027,TRAILER_027
HEAD_028,TRAILER_028
HEAD_029,TRAILER_029
HEAD_030,TRAILER_030
HEAD_031,TRAILER_031
HEAD_032,TRAILER_032
HEAD_033,TRAILER_033
HEAD_034,TRAILER_034
HEAD_035,TRAILER_035
HEAD_036,TRAILER_036
HEAD_037,TRAILER_037
HEAD_038,TRAILER_038
HEAD_039,TRAILER_039
HEAD_040,TRAILER_040
HEAD_041,TRAILER_041
HEAD_042,TRAILER_042
HEAD_043,TRAILER_043
HEAD_044,TRAILER_044
HEAD_045,TRAILER_045
HEAD_046,TRAILER_046
HEAD_047,TRAILER_047
HEAD_048,TRAILER_048
HEAD_049,TRAILER_049
HEAD_050,TRAILER_050