unit,host,ram_total,ram_used,ram_util_pct,pagefile_total,pagefile_free,pagefile_free_pct,pagefile_used_pct,missing_items
FD1041,FD1041-NUC,15.92 GB,4.72 GB,29.3%,2.38 GB,2.05 GB,88.9%,11.1%,
FD2001,FD2001-NUC,7.97 GB,2.44 GB,30.6%,1.25 GB,1.25 GB,100.0%,0.0%,
FD2002,FD2002-NUC,7.91 GB,2.48 GB,31.3%,1.25 GB,1.25 GB,100.0%,0.0%,
FD2003,FD2003-NUC,7.91 GB,1.84 GB,23.0%,1.25 GB,1.25 GB,100.0%,0.0%,
FD2008,FD2008-NUC,,,,,,,,ram_total;ram_used;ram_util_pct;pagefile_total;pagefile_free;pagefile_free_pct;pagefile_used_pct
FD2010,FD2010-NUC,,,,,,,,ram_total;ram_used;ram_util_pct;pagefile_total;pagefile_free;pagefile_free_pct;pagefile_used_pct
FD2011,FD2011-NUC,,,,,,,,ram_total;ram_used;ram_util_pct;pagefile_total;pagefile_free;pagefile_free_pct;pagefile_used_pct
FD2012,FD2012-NUC,,,,,,,,ram_total;ram_used;ram_util_pct;pagefile_total;pagefile_free;pagefile_free_pct;pagefile_used_pct
FD2013,FD2013-NUC,,,,,,,,ram_total;ram_used;ram_util_pct;pagefile_total;pagefile_free;pagefile_free_pct;pagefile_used_pct
FD2014,FD2014-NUC,,,,,,,,ram_total;ram_used;ram_util_pct;pagefile_total;pagefile_free;pagefile_free_pct;pagefile_used_pct
FD2015,FD2015-NUC,,,,,,,,ram_total;ram_used;ram_util_pct;pagefile_total;pagefile_free;pagefile_free_pct;pagefile_used_pct
FD2016,FD2016-NUC,,,,,,,,ram_total;ram_used;ram_util_pct;pagefile_total;pagefile_free;pagefile_free_pct;pagefile_used_pct
FD2017,FD2017-NUC,,,,,,,,ram_total;ram_used;ram_util_pct;pagefile_total;pagefile_free;pagefile_free_pct;pagefile_used_pct
MU1001,MU1001-NUC,7.82 GB,2.62 GB,33.4%,1.25 GB,1.21 GB,96.9%,3.1%,
MU1004,MU1004-NUC,7.89 GB,3.87 GB,49.2%,1.25 GB,1.09 GB,87.4%,12.6%,
MU1005,MU1005-NUC,15.89 GB,5.92 GB,37.1%,2.38 GB,0.00 MB,0.0%,0.0%,
MU1006,MU1006-NUC,0.00 MB,0.00 MB,0.0%,0.00 MB,0.00 MB,0.0%,0.0%,
MU1007,MU1007-NUC,7.66 GB,1.89 GB,24.5%,1.19 GB,0.00 MB,0.0%,0.0%,
MU1008,MU1008-NUC,15.89 GB,5.93 GB,37.8%,2.38 GB,2.24 GB,94.5%,5.5%,
MU1009,MU1009-NUC,7.66 GB,2.01 GB,26.1%,1.19 GB,0.00 MB,0.0%,0.0%,
MU1013,MU1013-NUC,7.89 GB,3.03 GB,38.4%,1.25 GB,1.12 GB,89.7%,10.3%,
MU1015,MU1015-NUC,7.89 GB,5.54 GB,69.5%,1.25 GB,1.04 GB,83.4%,16.6%,
MU1017,MU1017-NUC,0.00 MB,0.00 MB,0.0%,0.00 MB,0.00 MB,0.0%,0.0%,
MU1019,MU1019-NUC,7.87 GB,2.87 GB,36.6%,512.00 MB,461.04 MB,90.0%,10.0%,
MU1021,MU1021-NUC,15.63 GB,2.00 GB,12.8%,2.38 GB,2.35 GB,99.1%,0.9%,
MU1022,MU1022-NUC,7.66 GB,1.92 GB,25.1%,1.19 GB,1.17 GB,98.3%,1.7%,
MU1025,MU1025-NUC,15.88 GB,1.82 GB,11.4%,2.38 GB,2.36 GB,99.3%,0.7%,
MU1028,MU1028-NUC,7.87 GB,2.88 GB,36.8%,1.25 GB,1.17 GB,93.9%,6.1%,
MU1029,MU1029-NUC,7.87 GB,2.70 GB,34.1%,1.25 GB,0.00 MB,0.0%,0.0%,
MU1031,MU1031-NUC,7.89 GB,3.61 GB,45.8%,512.00 MB,464.85 MB,90.8%,9.2%,
MU1034,MU1034-NUC,15.89 GB,4.91 GB,30.9%,2.38 GB,0.00 MB,0.0%,0.0%,
MU1035,MU1035-NUC,15.89 GB,3.30 GB,20.8%,2.38 GB,2.30 GB,96.9%,3.1%,
MU1039,MU1039-NUC,7.88 GB,4.84 GB,61.8%,8.00 GB,7.94 GB,99.3%,0.7%,
MU1041,MU1041-NUC,7.81 GB,4.35 GB,55.7%,8.00 GB,7.96 GB,99.5%,0.5%,
MU2003,MU2003-NUC,15.65 GB,2.00 GB,12.7%,2.38 GB,2.36 GB,99.3%,0.7%,
RD1001,RD1001-NUC,15.65 GB,2.23 GB,14.1%,2.38 GB,2.31 GB,97.2%,2.8%,
RD1002,RD1002-NUC,0.00 MB,0.00 MB,43.9%,0.00 MB,0.00 MB,0.0%,0.0%,
RD1004,RD1004-NUC,7.87 GB,3.04 GB,38.6%,1.00 GB,0.00 MB,0.0%,0.0%,
RD1006,RD1006-NUC,0.00 MB,0.00 MB,0.0%,0.00 MB,0.00 MB,0.0%,0.0%,
RD1009,RD1009-NUC,0.00 MB,0.00 MB,32.5%,0.00 MB,1.24 GB,0.0%,0.0%,
RD1010,RD1010-NUC,7.89 GB,5.11 GB,64.8%,8.00 GB,7.82 GB,97.8%,2.2%,
RD1011,RD1011-NUC,7.87 GB,5.95 GB,75.5%,1.25 GB,0.00 MB,0.0%,0.0%,
RD1012,RD1012-NUC,7.89 GB,5.84 GB,74.0%,8.00 GB,7.78 GB,97.3%,2.7%,
RD1013,RD1013-NUC,7.89 GB,5.11 GB,64.8%,1.25 GB,1.09 GB,87.3%,12.7%,
RD1014,RD1014-NUC,0.00 MB,0.00 MB,0.0%,0.00 MB,0.00 MB,0.0%,0.0%,
RD1018,RD1018-NUC,0.00 MB,0.00 MB,0.0%,0.00 MB,0.00 MB,0.0%,0.0%,
RD1019,RD1019-NUC,15.88 GB,5.71 GB,35.9%,2.38 GB,2.30 GB,97.0%,3.0%,
RD1020,RD1020-NUC,15.81 GB,4.79 GB,30.2%,2.38 GB,2.24 GB,94.5%,5.5%,
RD1023,RD1023-NUC,0.00 MB,0.00 MB,0.0%,0.00 MB,0.00 MB,0.0%,0.0%,
RD1024,RD1024-NUC,15.89 GB,5.54 GB,34.9%,2.38 GB,2.24 GB,94.2%,5.8%,
RD1025,RD1025-NUC,15.65 GB,5.41 GB,34.5%,2.38 GB,2.37 GB,99.6%,0.4%,
RD1026,RD1026-NUC,31.89 GB,4.35 GB,13.6%,4.75 GB,4.72 GB,99.5%,0.5%,
RD1027,RD1027-NUC,31.81 GB,5.11 GB,16.2%,12.00 GB,11.95 GB,99.6%,0.4%,
RD1031,RD1031-NUC,15.89 GB,5.76 GB,36.3%,2.38 GB,0.00 MB,0.0%,0.0%,
RD1032,RD1032-NUC,15.89 GB,7.96 GB,50.3%,8.00 GB,7.90 GB,98.8%,1.2%,
RD3001,RD3001-NUC,7.89 GB,6.31 GB,80.0%,8.00 GB,7.82 GB,97.7%,2.3%,
RD3002,RD3002-NUC,7.66 GB,4.12 GB,53.8%,8.00 GB,7.98 GB,99.8%,0.2%,
RD3004,RD3004-NUC,15.63 GB,7.58 GB,48.2%,11.50 GB,11.49 GB,99.9%,0.1%,
RD3005,RD3005-NUC,7.89 GB,6.18 GB,77.3%,8.00 GB,7.70 GB,96.4%,3.6%,
RD3007,RD3007-NUC,7.66 GB,5.10 GB,66.5%,7.00 GB,0.00 MB,0.0%,0.0%,
RD3009,RD3009-NUC,7.87 GB,3.70 GB,48.9%,8.00 GB,7.25 GB,90.6%,9.4%,
RD3010,RD3010-NUC,15.63 GB,11.32 GB,65.5%,8.00 GB,0.00 MB,0.0%,0.0%,
RD3012,RD3012-NUC,7.66 GB,6.47 GB,84.4%,16.00 GB,0.00 MB,0.0%,0.0%,
RD3014,RD3014-NUC,15.63 GB,5.45 GB,34.9%,2.38 GB,2.35 GB,98.8%,1.2%,
RD3015,RD3015-NUC,15.65 GB,8.83 GB,56.4%,2.38 GB,2.33 GB,97.9%,2.1%,
RD3019,RD3019-NUC,7.89 GB,6.55 GB,82.3%,8.00 GB,0.00 MB,0.0%,0.0%,
RD3021,RD3021-NUC,15.63 GB,3.94 GB,25.2%,2.38 GB,2.35 GB,99.1%,0.9%,
RD3023,RD3023-NUC,31.87 GB,8.24 GB,25.8%,4.75 GB,0.00 MB,0.0%,0.0%,
RD3024,RD3024-NUC,7.89 GB,4.84 GB,60.7%,8.00 GB,7.95 GB,99.4%,0.6%,
RD3025,RD3025-NUC,7.81 GB,5.04 GB,64.6%,8.00 GB,7.93 GB,99.1%,0.9%,
RD3026,RD3026-NUC,7.81 GB,5.71 GB,76.9%,8.01 GB,7.53 GB,94.0%,6.0%,
RD3027,RD3027-NUC,15.63 GB,5.28 GB,33.6%,2.38 GB,2.36 GB,99.4%,0.6%,
RD3028,RD3028-NUC,7.81 GB,4.63 GB,59.2%,8.00 GB,7.98 GB,99.7%,0.3%,
RD3029,RD3029-NUC,7.81 GB,4.92 GB,62.9%,8.00 GB,7.90 GB,98.8%,1.2%,
RD3030,RD3030-NUC,7.81 GB,4.50 GB,57.9%,8.00 GB,7.98 GB,99.8%,0.2%,
RD3032,RD3032-NUC,0.00 MB,0.00 MB,60.2%,0.00 MB,0.00 MB,0.0%,0.0%,
RD3033,RD3033-NUC,0.00 MB,0.00 MB,0.0%,0.00 MB,0.00 MB,0.0%,0.0%,
RD3034,RD3034-NUC,7.67 GB,5.37 GB,70.1%,8.00 GB,6.82 GB,85.2%,14.8%,
RD3036,RD3036-NUC,7.66 GB,4.28 GB,55.8%,1.19 GB,1.15 GB,96.7%,3.3%,
RD3037,RD3037-NUC,7.63 GB,4.15 GB,54.4%,8.00 GB,7.78 GB,97.3%,2.7%,
RD3038,RD3038-NUC,7.66 GB,4.18 GB,52.7%,8.00 GB,7.83 GB,97.9%,2.1%,
RD3039,RD3039-NUC,7.66 GB,3.25 GB,42.4%,1.19 GB,1.16 GB,97.9%,2.1%,
RD3040,RD3040-NUC,7.89 GB,5.51 GB,69.8%,8.00 GB,0.00 MB,0.0%,0.0%,
RD3041,RD3041-NUC,7.89 GB,4.05 GB,51.3%,8.00 GB,7.98 GB,99.7%,0.3%,
RD3042,RD3042-NUC,7.89 GB,6.47 GB,82.0%,9.07 GB,0.00 MB,0.0%,0.0%,
RD3043,RD3043-NUC,7.89 GB,3.85 GB,47.8%,1.25 GB,1.23 GB,99.1%,0.9%,
RD3044,RD3044-NUC,7.89 GB,4.19 GB,53.2%,1.25 GB,0.00 MB,0.0%,0.0%,
RD3045,RD3045-NUC,7.89 GB,3.93 GB,49.8%,8.00 GB,7.99 GB,99.8%,0.2%,
RD3046,RD3046-NUC,7.87 GB,3.77 GB,47.5%,1.25 GB,1.25 GB,100.0%,0.0%,
RD3047,RD3047-NUC,7.89 GB,4.03 GB,51.1%,1.25 GB,0.00 MB,0.0%,0.0%,
RD3048,RD3048-NUC,7.81 GB,4.29 GB,53.2%,1.25 GB,1.22 GB,97.5%,2.5%,
RD3049,RD3049-NUC,7.81 GB,4.31 GB,55.2%,1.25 GB,1.18 GB,94.2%,5.8%,
RD3050,RD3050-NUC,31.79 GB,5.68 GB,17.9%,4.75 GB,4.73 GB,99.5%,0.5%,
RD3051,RD3051-NUC,7.81 GB,3.47 GB,44.4%,1.25 GB,1.24 GB,99.2%,0.8%,
RD3052,RD3052-NUC,7.81 GB,3.95 GB,50.4%,8.00 GB,7.96 GB,99.5%,0.5%,
RD3053,RD3053-NUC,7.81 GB,6.77 GB,87.4%,12.13 GB,0.00 MB,0.0%,0.0%,
RD3056,RD3056-NUC,31.89 GB,16.50 GB,51.8%,4.75 GB,4.57 GB,96.3%,3.7%,
RD3057,RD3057-NUC,7.81 GB,6.50 GB,84.7%,24.00 GB,21.23 GB,88.5%,11.5%,
RD3058,RD3058-NUC,7.81 GB,4.51 GB,56.7%,8.00 GB,0.00 MB,0.0%,0.0%,
RD3059,RD3059-NUC,15.64 GB,4.45 GB,28.5%,2.38 GB,2.37 GB,99.7%,0.3%,
RD3060,RD3060-NUC,0.00 MB,0.00 MB,0.0%,0.00 MB,0.00 MB,0.0%,0.0%,
RD3062,RD3062-NUC,15.65 GB,4.36 GB,27.9%,2.38 GB,2.36 GB,99.5%,0.5%,
RD3064,RD3064-NUC,7.81 GB,3.85 GB,49.6%,8.00 GB,0.00 MB,0.0%,0.0%,
RD3069,RD3069-NUC,7.81 GB,6.52 GB,83.6%,16.00 GB,14.06 GB,87.9%,12.1%,
RD3070,RD3070-NUC,7.63 GB,3.11 GB,40.8%,8.00 GB,7.98 GB,99.8%,0.2%,
RD3071,RD3071-NUC,15.63 GB,3.90 GB,25.4%,2.38 GB,2.35 GB,99.0%,1.0%,
RD3072,RD3072-NUC,7.81 GB,3.14 GB,39.2%,1.25 GB,0.00 MB,0.0%,0.0%,
RD3073,RD3073-NUC,7.63 GB,6.04 GB,79.1%,8.00 GB,7.73 GB,96.6%,3.4%,
RD3074,RD3074-NUC,15.65 GB,5.49 GB,35.1%,2.38 GB,0.00 MB,0.0%,0.0%,
RD3075,RD3075-NUC,7.81 GB,3.67 GB,46.6%,1.25 GB,0.00 MB,0.0%,0.0%,
RD3077,RD3077-NUC,7.81 GB,5.99 GB,76.7%,8.00 GB,7.85 GB,98.2%,1.8%,
RD3078,RD3078-NUC,31.63 GB,6.20 GB,19.6%,4.75 GB,4.72 GB,99.4%,0.6%,
RD3080,RD3080-NUC,7.81 GB,4.13 GB,52.3%,8.00 GB,7.98 GB,99.8%,0.2%,
RD3081,RD3081-NUC,7.81 GB,3.67 GB,42.7%,8.00 GB,0.00 MB,0.0%,0.0%,
RD3082,RD3082-NUC,31.81 GB,12.25 GB,38.5%,4.75 GB,4.73 GB,99.6%,0.4%,
RD3083,RD3083-NUC,31.81 GB,5.43 GB,17.1%,4.75 GB,4.72 GB,99.5%,0.5%,
RD3084,RD3084-NUC,7.81 GB,3.92 GB,50.2%,8.00 GB,7.98 GB,99.7%,0.3%,
RD3085,RD3085-NUC,7.81 GB,3.67 GB,46.9%,1.25 GB,1.23 GB,98.5%,1.5%,
RD3087,RD3087-NUC,7.81 GB,4.48 GB,56.4%,15.62 GB,15.56 GB,99.8%,0.2%,
RD3088,RD3088-NUC,15.65 GB,3.86 GB,24.1%,8.00 GB,7.99 GB,99.8%,0.2%,
RD3089,RD3089-NUC,31.89 GB,5.65 GB,17.7%,4.75 GB,4.69 GB,98.8%,1.2%,
RD3090,RD3090-NUC,7.81 GB,3.83 GB,49.0%,1.25 GB,1.22 GB,97.3%,2.7%,
RD3092,RD3092-NUC,7.81 GB,4.00 GB,51.2%,8.00 GB,7.97 GB,99.7%,0.3%,
RD3094,RD3094-NUC,7.81 GB,5.23 GB,66.5%,12.50 GB,12.44 GB,99.5%,0.5%,
RD3095,RD3095-NUC,7.81 GB,4.15 GB,52.6%,1.25 GB,1.21 GB,97.7%,2.3%,
RD3096,RD3096-NUC,7.81 GB,5.02 GB,64.0%,1.95 GB,1.84 GB,94.4%,5.6%,
RD3097,RD3097-NUC,7.81 GB,4.19 GB,53.8%,8.00 GB,7.98 GB,99.7%,0.3%,
RD3100,RD3100-NUC,7.81 GB,3.84 GB,49.1%,1.25 GB,1.22 GB,98.0%,2.0%,
RD3101,RD3101-NUC,31.81 GB,4.99 GB,15.3%,4.75 GB,4.73 GB,99.6%,0.4%,
RD3102,RD3102-NUC,7.63 GB,3.89 GB,50.4%,1.19 GB,1.16 GB,97.9%,2.1%,
RD3103,RD3103-NUC,31.89 GB,4.26 GB,13.2%,4.75 GB,4.75 GB,100.0%,0.0%,
RD3104,RD3104-NUC,7.81 GB,4.95 GB,63.4%,1.70 GB,2.28 GB,95.7%,4.3%,
RD3107,RD3107-NUC,31.89 GB,9.70 GB,30.4%,4.75 GB,4.66 GB,98.1%,1.9%,
RD3108,RD3108-NUC,7.81 GB,4.25 GB,54.4%,1.25 GB,957.84 MB,74.8%,25.2%,
RD3109,RD3109-NUC,15.63 GB,5.23 GB,32.6%,2.38 GB,2.35 GB,99.0%,1.0%,
RD3110,RD3110-NUC,7.63 GB,3.90 GB,50.2%,1.19 GB,1.12 GB,94.7%,5.3%,
RD3111,RD3111-NUC,7.81 GB,4.80 GB,61.4%,1.25 GB,1.18 GB,94.8%,5.2%,
RD3113,RD3113-NUC,7.64 GB,3.69 GB,48.2%,1.19 GB,1.14 GB,95.9%,4.1%,
RD3114,RD3114-NUC,7.64 GB,4.08 GB,53.4%,8.00 GB,7.96 GB,99.5%,0.5%,
RD3115,RD3115-NUC,7.63 GB,3.84 GB,50.8%,8.00 GB,7.97 GB,99.6%,0.4%,
RD3116,RD3116-NUC,15.65 GB,6.29 GB,39.2%,2.38 GB,2.35 GB,98.9%,1.1%,
RD3117,RD3117-NUC,7.66 GB,4.65 GB,59.5%,8.00 GB,7.88 GB,98.5%,1.5%,
RD3118,RD3118-NUC,7.63 GB,4.74 GB,61.8%,1.19 GB,1.05 GB,88.4%,11.6%,
RD3119,RD3119-NUC,0.00 MB,0.00 MB,0.0%,0.00 MB,0.00 MB,0.0%,0.0%,
RD3120,RD3120-NUC,0.00 MB,0.00 MB,0.0%,0.00 MB,0.00 MB,0.0%,0.0%,
RD3121,RD3121-NUC,7.63 GB,4.98 GB,65.3%,8.00 GB,7.74 GB,96.7%,3.3%,
RD3122,RD3122-NUC,7.63 GB,5.00 GB,64.6%,3.75 GB,3.50 GB,93.4%,6.6%,
RD3123,RD3123-NUC,7.63 GB,4.48 GB,58.7%,1.19 GB,983.90 MB,80.9%,19.1%,
RD3124,RD3124-NUC,7.63 GB,4.54 GB,58.4%,1.19 GB,1.11 GB,93.1%,6.9%,
RD3125,RD3125-NUC,7.63 GB,4.40 GB,57.0%,8.00 GB,7.87 GB,98.4%,1.6%,
RD3126,RD3126-NUC,7.63 GB,6.45 GB,84.5%,8.00 GB,7.29 GB,91.1%,8.9%,
RD3127,RD3127-NUC,7.63 GB,3.04 GB,39.9%,3.00 GB,2.96 GB,98.7%,1.3%,
RD3128,RD3128-NUC,7.63 GB,4.32 GB,55.9%,1.19 GB,1.05 GB,88.3%,11.7%,
RD3130,RD3130-NUC,0.00 MB,0.00 MB,0.0%,0.00 MB,0.00 MB,0.0%,0.0%,
RD3131,RD3131-NUC,7.63 GB,4.32 GB,55.7%,8.00 GB,0.00 MB,0.0%,0.0%,
RD3132,RD3132-NUC,7.63 GB,5.26 GB,68.9%,4.75 GB,4.51 GB,94.9%,5.1%,
RD3135,RD3135-NUC,7.63 GB,3.45 GB,44.8%,1.19 GB,1.06 GB,89.4%,10.6%,
RD3136,RD3136-NUC,7.63 GB,4.32 GB,54.4%,8.00 GB,7.80 GB,97.5%,2.5%,
RD3137,RD3137-NUC,0.00 MB,0.00 MB,0.0%,0.00 MB,0.00 MB,0.0%,0.0%,
RD3138,RD3138-NUC,0.00 MB,0.00 MB,0.0%,0.00 MB,0.00 MB,0.0%,0.0%,
RD3139,RD3139-NUC,7.63 GB,3.83 GB,50.2%,1.19 GB,1.07 GB,89.7%,10.3%,
RD3140,RD3140-NUC,7.63 GB,6.85 GB,89.7%,22.94 GB,21.10 GB,92.0%,8.0%,
RD3141,RD3141-NUC,7.63 GB,4.81 GB,62.9%,1.19 GB,854.76 MB,70.3%,29.7%,
RD3143,RD3143-NUC,7.63 GB,6.15 GB,80.6%,6.57 GB,5.35 GB,81.3%,18.7%,
RD3144,RD3144-NUC,7.63 GB,5.32 GB,70.9%,1.19 GB,1.56 GB,86.6%,13.4%,
RD3145,RD3145-NUC,7.63 GB,6.01 GB,78.2%,1.71 GB,1.90 GB,83.1%,16.9%,
RD3146,RD3146-NUC,7.63 GB,4.57 GB,58.6%,8.00 GB,7.89 GB,98.7%,1.3%,
RD3147,RD3147-NUC,7.66 GB,4.09 GB,52.6%,1.19 GB,930.89 MB,76.6%,23.4%,
RD3148,RD3148-NUC,0.00 MB,0.00 MB,0.0%,0.00 MB,0.00 MB,0.0%,0.0%,
RD3149,RD3149-NUC,7.66 GB,4.34 GB,55.4%,8.00 GB,7.91 GB,98.8%,1.2%,
RD3151,RD3151-NUC,7.66 GB,4.02 GB,52.4%,1.19 GB,1.12 GB,94.0%,6.0%,
RD3152,RD3152-NUC,7.63 GB,4.58 GB,59.5%,1.19 GB,1.02 GB,85.7%,14.3%,
RD3153,RD3153-NUC,7.66 GB,3.91 GB,51.0%,1.19 GB,1.15 GB,96.7%,3.3%,
RD3154,RD3154-NUC,7.63 GB,3.53 GB,46.2%,1.19 GB,1.14 GB,95.9%,4.1%,
RD3155,RD3155-NUC,7.63 GB,3.72 GB,48.6%,1.19 GB,0.00 MB,0.0%,0.0%,
RD3156,RD3156-NUC,7.63 GB,5.62 GB,75.6%,3.62 GB,3.39 GB,93.6%,6.4%,
RD3157,RD3157-NUC,7.63 GB,3.76 GB,49.9%,1.19 GB,1.15 GB,96.9%,3.1%,
RD3159,RD3159-NUC,7.63 GB,4.10 GB,53.3%,1.19 GB,1023.57 MB,85.2%,14.8%,
RD3160,RD3160-NUC,0.00 MB,0.00 MB,0.0%,0.00 MB,0.00 MB,0.0%,0.0%,
RD3161,RD3161-NUC,7.63 GB,5.06 GB,63.9%,1.19 GB,1.02 GB,86.0%,14.0%,
RD3163,RD3163-NUC,7.66 GB,3.91 GB,50.2%,1.19 GB,1.15 GB,97.0%,3.0%,
RD3164,RD3164-NUC,7.63 GB,5.16 GB,66.2%,1.19 GB,1002.30 MB,82.4%,17.6%,
RD3165,RD3165-NUC,7.63 GB,5.72 GB,74.3%,8.00 GB,7.50 GB,93.8%,6.2%,
RD3166,RD3166-NUC,7.63 GB,6.45 GB,84.3%,2.99 GB,2.57 GB,85.9%,14.1%,
RD3168,RD3168-NUC,7.63 GB,4.45 GB,57.7%,10.00 GB,9.97 GB,99.7%,0.3%,
RD3169,RD3169-NUC,15.89 GB,3.50 GB,22.0%,2.38 GB,2.35 GB,99.2%,0.8%,
RD3170,RD3170-NUC,7.67 GB,4.36 GB,55.0%,1.19 GB,1.15 GB,96.9%,3.1%,
RD3171,RD3171-NUC,7.64 GB,4.67 GB,60.7%,22.72 GB,20.52 GB,90.3%,9.7%,
RD3173,RD3173-NUC,7.66 GB,5.94 GB,77.5%,12.74 GB,8.47 GB,66.5%,33.5%,
RD3174,RD3174-NUC,7.66 GB,4.52 GB,59.0%,1.19 GB,1.08 GB,91.3%,8.7%,
RD3175,RD3175-NUC,0.00 MB,0.00 MB,0.0%,0.00 MB,0.00 MB,0.0%,0.0%,
RD3177,RD3177-NUC,7.66 GB,6.53 GB,83.7%,7.28 GB,0.00 MB,0.0%,0.0%,
RD3178,RD3178-NUC,7.66 GB,5.53 GB,71.6%,13.50 GB,13.43 GB,99.5%,0.5%,
RD3179,RD3179-NUC,7.66 GB,3.90 GB,50.8%,1.75 GB,1.74 GB,99.5%,0.5%,
RD3181,RD3181-NUC,15.63 GB,10.02 GB,64.0%,2.66 GB,2.41 GB,90.6%,9.4%,
RD3183,RD3183-NUC,0.00 MB,0.00 MB,0.0%,0.00 MB,0.00 MB,0.0%,0.0%,
RD3184,RD3184-NUC,15.66 GB,13.20 GB,84.1%,7.50 GB,0.00 MB,0.0%,0.0%,
RD3187,RD3187-NUC,15.63 GB,6.07 GB,38.7%,2.38 GB,2.36 GB,99.2%,0.8%,
RD3188,RD3188-NUC,15.65 GB,10.46 GB,66.7%,41.23 GB,34.60 GB,83.9%,16.1%,
RD3189,RD3189-NUC,15.63 GB,2.83 GB,18.5%,2.38 GB,2.36 GB,99.5%,0.5%,
RD3190,RD3190-NUC,15.63 GB,6.48 GB,41.6%,27.00 GB,0.00 MB,0.0%,0.0%,
RD3191,RD3191-NUC,15.63 GB,12.44 GB,79.5%,11.52 GB,10.57 GB,91.8%,8.2%,
RD3192,RD3192-NUC,0.00 MB,0.00 MB,0.0%,0.00 MB,0.00 MB,0.0%,0.0%,
RD3193,RD3193-NUC,15.65 GB,4.87 GB,31.4%,2.38 GB,2.36 GB,99.2%,0.8%,
RD3194,RD3194-NUC,0.00 MB,0.00 MB,0.0%,0.00 MB,0.00 MB,0.0%,0.0%,
RD3195,RD3195-NUC,15.63 GB,5.33 GB,34.1%,2.38 GB,2.35 GB,99.1%,0.9%,
RD3196,RD3196-NUC,15.63 GB,8.63 GB,55.2%,2.38 GB,2.35 GB,98.8%,1.2%,
RD3197,RD3197-NUC,0.00 MB,0.00 MB,0.0%,0.00 MB,0.00 MB,0.0%,0.0%,
RD3198,RD3198-NUC,15.65 GB,8.94 GB,57.0%,2.38 GB,2.35 GB,99.2%,0.8%,
RD3199,RD3199-NUC,15.63 GB,7.72 GB,49.9%,2.38 GB,2.36 GB,99.4%,0.6%,
RD3201,RD3201-NUC,0.00 MB,0.00 MB,0.0%,0.00 MB,0.00 MB,0.0%,0.0%,
RD3202,RD3202-NUC,15.65 GB,5.52 GB,34.9%,8.00 GB,7.97 GB,99.6%,0.4%,
RD3203,RD3203-NUC,15.63 GB,7.93 GB,50.7%,2.38 GB,0.00 MB,0.0%,0.0%,
RD3204,RD3204-NUC,15.65 GB,5.41 GB,34.8%,16.00 GB,15.98 GB,99.9%,0.1%,
RD3205,RD3205-NUC,31.81 GB,10.35 GB,32.6%,4.75 GB,0.00 MB,0.0%,0.0%,
RD3206,RD3206-NUC,15.63 GB,4.74 GB,30.2%,14.50 GB,14.48 GB,99.9%,0.1%,
RD3207,RD3207-NUC,0.00 MB,0.00 MB,0.0%,0.00 MB,0.00 MB,0.0%,0.0%,
RD3208,RD3208-NUC,15.63 GB,7.09 GB,45.3%,2.38 GB,1.98 GB,83.3%,16.7%,
RD3209,RD3209-NUC,15.65 GB,3.86 GB,24.6%,17.00 GB,16.97 GB,99.8%,0.2%,
RD3211,RD3211-NUC,15.65 GB,4.28 GB,27.4%,2.38 GB,2.36 GB,99.6%,0.4%,
RD3212,RD3212-NUC,15.65 GB,4.17 GB,26.6%,2.38 GB,2.35 GB,98.9%,1.1%,
RD3213,RD3213-NUC,15.63 GB,5.42 GB,34.7%,2.38 GB,2.33 GB,98.2%,1.8%,
RD3214,RD3214-NUC,15.63 GB,4.33 GB,27.7%,2.38 GB,0.00 MB,0.0%,0.0%,
RD3215,RD3215-NUC,15.63 GB,11.31 GB,72.4%,6.20 GB,0.00 MB,0.0%,0.0%,
RD3216,RD3216-NUC,15.63 GB,4.38 GB,27.8%,2.38 GB,2.36 GB,99.3%,0.7%,
RD3218,RD3218-NUC,15.63 GB,6.52 GB,41.8%,2.38 GB,2.36 GB,98.1%,1.9%,
RD3219,RD3219-NUC,15.65 GB,10.40 GB,65.9%,2.38 GB,2.26 GB,95.2%,4.8%,
RD3220,RD3220-NUC,15.63 GB,7.30 GB,46.6%,2.38 GB,2.35 GB,99.1%,0.9%,
RD3221,RD3221-NUC,15.63 GB,4.30 GB,27.4%,2.38 GB,2.36 GB,99.2%,0.8%,
RD3222,RD3222-NUC,15.63 GB,9.71 GB,61.4%,24.13 GB,19.41 GB,80.4%,19.6%,
RD3223,RD3223-NUC,15.63 GB,6.54 GB,41.8%,2.38 GB,2.36 GB,99.6%,0.4%,
RD3224,RD3224-NUC,15.63 GB,10.48 GB,67.0%,2.38 GB,2.28 GB,96.1%,3.9%,
RD3225,RD3225-NUC,15.63 GB,8.90 GB,57.0%,2.38 GB,0.00 MB,0.0%,0.0%,
RD3226,RD3226-NUC,15.65 GB,7.54 GB,48.2%,5.17 GB,5.06 GB,97.9%,2.1%,
RD3227,RD3227-NUC,15.64 GB,6.26 GB,40.0%,2.38 GB,2.36 GB,99.3%,0.7%,
RD3228,RD3228-NUC,15.63 GB,3.37 GB,21.5%,2.38 GB,2.36 GB,99.2%,0.8%,
RD3229,RD3229-NUC,15.63 GB,7.47 GB,47.8%,2.38 GB,2.36 GB,99.4%,0.6%,
RD3230,RD3230-NUC,15.63 GB,12.15 GB,78.0%,19.00 GB,18.64 GB,98.1%,1.9%,
RD3231,RD3231-NUC,15.63 GB,3.78 GB,24.0%,16.00 GB,15.99 GB,99.9%,0.1%,
RD3232,RD3232-NUC,15.63 GB,9.41 GB,59.7%,23.10 GB,0.00 MB,0.0%,0.0%,
RD3233,RD3233-NUC,15.63 GB,4.31 GB,27.6%,2.38 GB,2.36 GB,99.3%,0.7%,
RD3234,RD3234-NUC,15.64 GB,6.09 GB,38.7%,2.38 GB,2.36 GB,99.5%,0.5%,
RD3235,RD3235-NUC,0.00 MB,0.00 MB,0.0%,0.00 MB,0.00 MB,0.0%,0.0%,
RD3236,RD3236-NUC,15.64 GB,5.10 GB,32.6%,2.38 GB,2.36 GB,99.2%,0.8%,
RD3237,RD3237-NUC,15.64 GB,12.10 GB,77.3%,15.92 GB,12.31 GB,77.3%,22.7%,
RD3238,RD3238-NUC,15.63 GB,5.24 GB,33.3%,23.00 GB,0.00 MB,0.0%,0.0%,
RD3239,RD3239-NUC,15.64 GB,14.18 GB,90.8%,6.11 GB,5.67 GB,92.8%,7.2%,
RD3240,RD3240-NUC,15.64 GB,7.86 GB,49.9%,2.38 GB,2.32 GB,97.6%,2.4%,
RD3241,RD3241-NUC,0.00 MB,0.00 MB,0.0%,0.00 MB,0.00 MB,0.0%,0.0%,
RD3243,RD3243-NUC,15.63 GB,3.66 GB,23.2%,2.38 GB,2.36 GB,99.3%,0.7%,
RD3244,RD3244-NUC,15.63 GB,4.17 GB,26.5%,2.38 GB,2.36 GB,99.4%,0.6%,
RD3245,RD3245-NUC,0.00 MB,0.00 MB,0.0%,0.00 MB,0.00 MB,0.0%,0.0%,
RD3246,RD3246-NUC,15.63 GB,7.86 GB,50.3%,2.38 GB,2.11 GB,88.9%,11.1%,
RD3247,RD3247-NUC,15.63 GB,4.00 GB,25.6%,2.38 GB,2.36 GB,99.4%,0.6%,
RD3249,RD3249-NUC,15.63 GB,10.12 GB,64.4%,2.38 GB,2.34 GB,98.5%,1.5%,
RD3250,RD3250-NUC,15.63 GB,9.47 GB,60.5%,2.38 GB,2.33 GB,98.1%,1.9%,
RD3251,RD3251-NUC,0.00 MB,0.00 MB,0.0%,0.00 MB,0.00 MB,0.0%,0.0%,
RD3252,RD3252-NUC,0.00 MB,0.00 MB,28.5%,0.00 MB,2.36 GB,0.0%,0.0%,
RD3301,RD3301-NUC,0.00 MB,0.00 MB,0.0%,0.00 MB,0.00 MB,0.0%,0.0%,
RD3302,RD3302-NUC,0.00 MB,0.00 MB,0.0%,0.00 MB,0.00 MB,0.0%,0.0%,
RD3303,RD3303-NUC,0.00 MB,0.00 MB,0.0%,0.00 MB,0.00 MB,0.0%,0.0%,
RD3305,RD3305-NUC,0.00 MB,0.00 MB,0.0%,0.00 MB,0.00 MB,0.0%,0.0%,
RD3306,RD3306-NUC,0.00 MB,0.00 MB,0.0%,0.00 MB,0.00 MB,0.0%,0.0%,
RD3307,RD3307-NUC,0.00 MB,0.00 MB,0.0%,0.00 MB,0.00 MB,0.0%,0.0%,
RD3308,RD3308-NUC,0.00 MB,0.00 MB,0.0%,0.00 MB,0.00 MB,0.0%,0.0%,
RD3310,RD3310-NUC,0.00 MB,0.00 MB,0.0%,0.00 MB,0.00 MB,0.0%,0.0%,
RD3311,RD3311-NUC,0.00 MB,0.00 MB,0.0%,0.00 MB,0.00 MB,0.0%,0.0%,
RD3312,RD3312-NUC,0.00 MB,0.00 MB,0.0%,0.00 MB,0.00 MB,0.0%,0.0%,
RD3313,RD3313-NUC,0.00 MB,0.00 MB,0.0%,0.00 MB,0.00 MB,0.0%,0.0%,
RD3314,RD3314-NUC,0.00 MB,0.00 MB,0.0%,0.00 MB,0.00 MB,0.0%,0.0%,
RD3315,RD3315-NUC,0.00 MB,0.00 MB,0.0%,0.00 MB,0.00 MB,0.0%,0.0%,
RD3316,RD3316-NUC,0.00 MB,0.00 MB,0.0%,0.00 MB,0.00 MB,0.0%,0.0%,
RD3317,RD3317-NUC,0.00 MB,0.00 MB,0.0%,0.00 MB,0.00 MB,0.0%,0.0%,
RD3318,RD3318-NUC,0.00 MB,0.00 MB,0.0%,0.00 MB,0.00 MB,0.0%,0.0%,
RD3319,RD3319-NUC,0.00 MB,0.00 MB,0.0%,0.00 MB,0.00 MB,0.0%,0.0%,
RD3320,RD3320-NUC,0.00 MB,0.00 MB,0.0%,0.00 MB,0.00 MB,0.0%,0.0%,
RD3321,RD3321-NUC,0.00 MB,0.00 MB,0.0%,0.00 MB,0.00 MB,0.0%,0.0%,
RD3323,RD3323-NUC,0.00 MB,0.00 MB,0.0%,0.00 MB,0.00 MB,0.0%,0.0%,
RD3324,RD3324-NUC,0.00 MB,0.00 MB,0.0%,0.00 MB,0.00 MB,0.0%,0.0%,
RD3326,RD3326-NUC,0.00 MB,0.00 MB,0.0%,0.00 MB,0.00 MB,0.0%,0.0%,
RD3327,RD3327-NUC,0.00 MB,0.00 MB,0.0%,0.00 MB,0.00 MB,0.0%,0.0%,
RD3328,RD3328-NUC,0.00 MB,0.00 MB,0.0%,0.00 MB,0.00 MB,0.0%,0.0%,
RD3329,RD3329-NUC,0.00 MB,0.00 MB,0.0%,0.00 MB,0.00 MB,0.0%,0.0%,
RD3330,RD3330-NUC,0.00 MB,0.00 MB,0.0%,0.00 MB,0.00 MB,0.0%,0.0%,
RD3332,RD3332-NUC,0.00 MB,0.00 MB,0.0%,0.00 MB,0.00 MB,0.0%,0.0%,
RD3333,RD3333-NUC,0.00 MB,0.00 MB,0.0%,0.00 MB,0.00 MB,0.0%,0.0%,
RD3334,RD3334-NUC,0.00 MB,0.00 MB,0.0%,0.00 MB,0.00 MB,0.0%,0.0%,
RD3335,RD3335-NUC,0.00 MB,0.00 MB,0.0%,0.00 MB,0.00 MB,0.0%,0.0%,
RD3336,RD3336-NUC,0.00 MB,0.00 MB,0.0%,0.00 MB,0.00 MB,0.0%,0.0%,
RD3337,RD3337-NUC,0.00 MB,0.00 MB,0.0%,0.00 MB,0.00 MB,0.0%,0.0%,
RD3338,RD3338-NUC,0.00 MB,0.00 MB,0.0%,0.00 MB,0.00 MB,0.0%,0.0%,
RD3339,RD3339-NUC,0.00 MB,0.00 MB,0.0%,0.00 MB,0.00 MB,0.0%,0.0%,
RD3340,RD3340-NUC,0.00 MB,0.00 MB,0.0%,0.00 MB,0.00 MB,0.0%,0.0%,
RD3341,RD3341-NUC,0.00 MB,0.00 MB,0.0%,0.00 MB,0.00 MB,0.0%,0.0%,
RD3342,RD3342-NUC,0.00 MB,0.00 MB,0.0%,0.00 MB,0.00 MB,0.0%,0.0%,
RD3343,RD3343-NUC,0.00 MB,0.00 MB,0.0%,0.00 MB,0.00 MB,0.0%,0.0%,
RD3344,RD3344-NUC,0.00 MB,0.00 MB,0.0%,0.00 MB,0.00 MB,0.0%,0.0%,
RD3345,RD3345-NUC,0.00 MB,0.00 MB,0.0%,0.00 MB,0.00 MB,0.0%,0.0%,
RD3346,RD3346-NUC,0.00 MB,0.00 MB,0.0%,0.00 MB,0.00 MB,0.0%,0.0%,
RD3347,RD3347-NUC,0.00 MB,0.00 MB,0.0%,0.00 MB,0.00 MB,0.0%,0.0%,
RD3348,RD3348-NUC,0.00 MB,0.00 MB,0.0%,0.00 MB,0.00 MB,0.0%,0.0%,
RD3349,RD3349-NUC,0.00 MB,0.00 MB,0.0%,0.00 MB,0.00 MB,0.0%,0.0%,
RD3350,RD3350-NUC,0.00 MB,0.00 MB,0.0%,0.00 MB,0.00 MB,0.0%,0.0%,
RD3352,RD3352-NUC,0.00 MB,0.00 MB,0.0%,0.00 MB,0.00 MB,0.0%,0.0%,
RD3353,RD3353-NUC,0.00 MB,0.00 MB,0.0%,0.00 MB,0.00 MB,0.0%,0.0%,
RD3354,RD3354-NUC,0.00 MB,0.00 MB,0.0%,0.00 MB,0.00 MB,0.0%,0.0%,
RD3355,RD3355-NUC,0.00 MB,0.00 MB,0.0%,0.00 MB,0.00 MB,0.0%,0.0%,
RD3356,RD3356-NUC,0.00 MB,0.00 MB,0.0%,0.00 MB,0.00 MB,0.0%,0.0%,
RD3357,RD3357-NUC,0.00 MB,0.00 MB,0.0%,0.00 MB,0.00 MB,0.0%,0.0%,
RD3358,RD3358-NUC,0.00 MB,0.00 MB,0.0%,0.00 MB,0.00 MB,0.0%,0.0%,
RD3359,RD3359-NUC,0.00 MB,0.00 MB,0.0%,0.00 MB,0.00 MB,0.0%,0.0%,
RD3360,RD3360-NUC,0.00 MB,0.00 MB,0.0%,0.00 MB,0.00 MB,0.0%,0.0%,
RD3361,RD3361-NUC,0.00 MB,0.00 MB,0.0%,0.00 MB,0.00 MB,0.0%,0.0%,
RD3363,RD3363-NUC,0.00 MB,0.00 MB,0.0%,0.00 MB,0.00 MB,0.0%,0.0%,
RD3365,RD3365-NUC,0.00 MB,0.00 MB,0.0%,0.00 MB,0.00 MB,0.0%,0.0%,
RD3366,RD3366-NUC,0.00 MB,0.00 MB,0.0%,0.00 MB,0.00 MB,0.0%,0.0%,
RD3368,RD3368-NUC,0.00 MB,0.00 MB,0.0%,0.00 MB,0.00 MB,0.0%,0.0%,
RD3370,RD3370-NUC,0.00 MB,0.00 MB,0.0%,0.00 MB,0.00 MB,0.0%,0.0%,
RD3371,RD3371-NUC,0.00 MB,0.00 MB,0.0%,0.00 MB,0.00 MB,0.0%,0.0%,
RD3372,RD3372-NUC,0.00 MB,0.00 MB,0.0%,0.00 MB,0.00 MB,0.0%,0.0%,
RD3373,RD3373-NUC,0.00 MB,0.00 MB,0.0%,0.00 MB,0.00 MB,0.0%,0.0%,
RD3374,RD3374-NUC,0.00 MB,0.00 MB,0.0%,0.00 MB,0.00 MB,0.0%,0.0%,
RD3375,RD3375-NUC,0.00 MB,0.00 MB,0.0%,0.00 MB,0.00 MB,0.0%,0.0%,
RD3376,RD3376-NUC,0.00 MB,0.00 MB,0.0%,0.00 MB,0.00 MB,0.0%,0.0%,
RD3377,RD3377-NUC,0.00 MB,0.00 MB,0.0%,0.00 MB,0.00 MB,0.0%,0.0%,
RD3378,RD3378-NUC,0.00 MB,0.00 MB,0.0%,0.00 MB,0.00 MB,0.0%,0.0%,
RD3379,RD3379-NUC,0.00 MB,0.00 MB,0.0%,0.00 MB,0.00 MB,0.0%,0.0%,
RD3380,RD3380-NUC,0.00 MB,0.00 MB,0.0%,0.00 MB,0.00 MB,0.0%,0.0%,
RD3381,RD3381-NUC,0.00 MB,0.00 MB,0.0%,0.00 MB,0.00 MB,0.0%,0.0%,
RD3382,RD3382-NUC,0.00 MB,0.00 MB,0.0%,0.00 MB,0.00 MB,0.0%,0.0%,
RD3383,RD3383-NUC,0.00 MB,0.00 MB,0.0%,0.00 MB,0.00 MB,0.0%,0.0%,
RD3384,RD3384-NUC,0.00 MB,0.00 MB,0.0%,0.00 MB,0.00 MB,0.0%,0.0%,
RD3385,RD3385-NUC,0.00 MB,0.00 MB,0.0%,0.00 MB,0.00 MB,0.0%,0.0%,
RD3386,RD3386-NUC,0.00 MB,0.00 MB,0.0%,0.00 MB,0.00 MB,0.0%,0.0%,
RD3387,RD3387-NUC,0.00 MB,0.00 MB,0.0%,0.00 MB,0.00 MB,0.0%,0.0%,
RD3388,RD3388-NUC,0.00 MB,0.00 MB,0.0%,0.00 MB,0.00 MB,0.0%,0.0%,
RD3389,RD3389-NUC,0.00 MB,0.00 MB,0.0%,0.00 MB,0.00 MB,0.0%,0.0%,
RD3390,RD3390-NUC,0.00 MB,0.00 MB,0.0%,0.00 MB,0.00 MB,0.0%,0.0%,
RD3391,RD3391-NUC,0.00 MB,0.00 MB,0.0%,0.00 MB,0.00 MB,0.0%,0.0%,
RD3392,RD3392-NUC,0.00 MB,0.00 MB,0.0%,0.00 MB,0.00 MB,0.0%,0.0%,
RD3393,RD3393-NUC,0.00 MB,0.00 MB,0.0%,0.00 MB,0.00 MB,0.0%,0.0%,
RD3394,RD3394-NUC,0.00 MB,0.00 MB,0.0%,0.00 MB,0.00 MB,0.0%,0.0%,
RD3395,RD3395-NUC,0.00 MB,0.00 MB,0.0%,0.00 MB,0.00 MB,0.0%,0.0%,
RD3396,RD3396-NUC,0.00 MB,0.00 MB,0.0%,0.00 MB,0.00 MB,0.0%,0.0%,
RD3397,RD3397-NUC,0.00 MB,0.00 MB,0.0%,0.00 MB,0.00 MB,0.0%,0.0%,
RD3398,RD3398-NUC,0.00 MB,0.00 MB,0.0%,0.00 MB,0.00 MB,0.0%,0.0%,
RD3399,RD3399-NUC,0.00 MB,0.00 MB,0.0%,0.00 MB,0.00 MB,0.0%,0.0%,
RD3400,RD3400-NUC,0.00 MB,0.00 MB,0.0%,0.00 MB,0.00 MB,0.0%,0.0%,
RD3402,RD3402-NUC,0.00 MB,0.00 MB,0.0%,0.00 MB,0.00 MB,0.0%,0.0%,
RD3403,RD3403-NUC,0.00 MB,0.00 MB,0.0%,0.00 MB,0.00 MB,0.0%,0.0%,
RD3404,RD3404-NUC,0.00 MB,0.00 MB,0.0%,0.00 MB,0.00 MB,0.0%,0.0%,
RD3405,RD3405-NUC,0.00 MB,0.00 MB,0.0%,0.00 MB,0.00 MB,0.0%,0.0%,
RD3406,RD3406-NUC,0.00 MB,0.00 MB,0.0%,0.00 MB,0.00 MB,0.0%,0.0%,
RD3407,RD3407-NUC,0.00 MB,0.00 MB,0.0%,0.00 MB,0.00 MB,0.0%,0.0%,
RD3408,RD3408-NUC,0.00 MB,0.00 MB,0.0%,0.00 MB,0.00 MB,0.0%,0.0%,
RD3409,RD3409-NUC,0.00 MB,0.00 MB,0.0%,0.00 MB,0.00 MB,0.0%,0.0%,
RD3410,RD3410-NUC,0.00 MB,0.00 MB,0.0%,0.00 MB,0.00 MB,0.0%,0.0%,
RD3411,RD3411-NUC,0.00 MB,0.00 MB,0.0%,0.00 MB,0.00 MB,0.0%,0.0%,
RD3413,RD3413-NUC,0.00 MB,0.00 MB,0.0%,0.00 MB,0.00 MB,0.0%,0.0%,
RD3415,RD3415-NUC,0.00 MB,0.00 MB,0.0%,0.00 MB,0.00 MB,0.0%,0.0%,
RD3416,RD3416-NUC,0.00 MB,0.00 MB,0.0%,0.00 MB,0.00 MB,0.0%,0.0%,
RD3417,RD3417-NUC,0.00 MB,0.00 MB,0.0%,0.00 MB,0.00 MB,0.0%,0.0%,
RD3418,RD3418-NUC,0.00 MB,0.00 MB,0.0%,0.00 MB,0.00 MB,0.0%,0.0%,
RD3419,RD3419-NUC,0.00 MB,0.00 MB,0.0%,0.00 MB,0.00 MB,0.0%,0.0%,
RD3421,RD3421-NUC,0.00 MB,0.00 MB,0.0%,0.00 MB,0.00 MB,0.0%,0.0%,
RD3422,RD3422-NUC,0.00 MB,0.00 MB,0.0%,0.00 MB,0.00 MB,0.0%,0.0%,
RD3423,RD3423-NUC,0.00 MB,0.00 MB,0.0%,0.00 MB,0.00 MB,0.0%,0.0%,
RD3424,RD3424-NUC,0.00 MB,0.00 MB,0.0%,0.00 MB,0.00 MB,0.0%,0.0%,
RD3425,RD3425-NUC,0.00 MB,0.00 MB,0.0%,0.00 MB,0.00 MB,0.0%,0.0%,
RD3426,RD3426-NUC,0.00 MB,0.00 MB,0.0%,0.00 MB,0.00 MB,0.0%,0.0%,
RD3427,RD3427-NUC,0.00 MB,0.00 MB,0.0%,0.00 MB,0.00 MB,0.0%,0.0%,
RD3428,RD3428-NUC,0.00 MB,0.00 MB,0.0%,0.00 MB,0.00 MB,0.0%,0.0%,
RD3429,RD3429-NUC,0.00 MB,0.00 MB,0.0%,0.00 MB,0.00 MB,0.0%,0.0%,
RD3430,RD3430-NUC,0.00 MB,0.00 MB,0.0%,0.00 MB,0.00 MB,0.0%,0.0%,
RD3431,RD3431-NUC,0.00 MB,0.00 MB,0.0%,0.00 MB,0.00 MB,0.0%,0.0%,
RD3432,RD3432-NUC,0.00 MB,0.00 MB,0.0%,0.00 MB,0.00 MB,0.0%,0.0%,
RD3433,RD3433-NUC,0.00 MB,0.00 MB,0.0%,0.00 MB,0.00 MB,0.0%,0.0%,
RD3434,RD3434-NUC,0.00 MB,0.00 MB,0.0%,0.00 MB,0.00 MB,0.0%,0.0%,
RD3435,RD3435-NUC,0.00 MB,0.00 MB,0.0%,0.00 MB,0.00 MB,0.0%,0.0%,
RD3436,RD3436-NUC,0.00 MB,0.00 MB,0.0%,0.00 MB,0.00 MB,0.0%,0.0%,
RD3437,RD3437-NUC,0.00 MB,0.00 MB,0.0%,0.00 MB,0.00 MB,0.0%,0.0%,
RD3438,RD3438-NUC,0.00 MB,0.00 MB,0.0%,0.00 MB,0.00 MB,0.0%,0.0%,
RD3439,RD3439-NUC,0.00 MB,0.00 MB,0.0%,0.00 MB,0.00 MB,0.0%,0.0%,
RD3440,RD3440-NUC,0.00 MB,0.00 MB,0.0%,0.00 MB,0.00 MB,0.0%,0.0%,
RD3441,RD3441-NUC,0.00 MB,0.00 MB,0.0%,0.00 MB,0.00 MB,0.0%,0.0%,
RD3442,RD3442-NUC,0.00 MB,0.00 MB,0.0%,0.00 MB,0.00 MB,0.0%,0.0%,
RD3443,RD3443-NUC,0.00 MB,0.00 MB,0.0%,0.00 MB,0.00 MB,0.0%,0.0%,
RD3444,RD3444-NUC,0.00 MB,0.00 MB,0.0%,0.00 MB,0.00 MB,0.0%,0.0%,
RD3502,RD3502-NUC,0.00 MB,0.00 MB,0.0%,0.00 MB,0.00 MB,0.0%,0.0%,
RD3503,RD3503-NUC,0.00 MB,0.00 MB,0.0%,0.00 MB,0.00 MB,0.0%,0.0%,
RD3504,RD3504-NUC,0.00 MB,0.00 MB,0.0%,0.00 MB,0.00 MB,0.0%,0.0%,
RD3505,RD3505-NUC,0.00 MB,0.00 MB,0.0%,0.00 MB,0.00 MB,0.0%,0.0%,
RD3506,RD3506-NUC,0.00 MB,0.00 MB,0.0%,0.00 MB,0.00 MB,0.0%,0.0%,
RD3507,RD3507-NUC,0.00 MB,0.00 MB,0.0%,0.00 MB,0.00 MB,0.0%,0.0%,
RD3508,RD3508-NUC,0.00 MB,0.00 MB,0.0%,0.00 MB,0.00 MB,0.0%,0.0%,
RD3509,RD3509-NUC,0.00 MB,0.00 MB,0.0%,0.00 MB,0.00 MB,0.0%,0.0%,
RD3510,RD3510-NUC,0.00 MB,0.00 MB,0.0%,0.00 MB,0.00 MB,0.0%,0.0%,
RD3511,RD3511-NUC,0.00 MB,0.00 MB,0.0%,0.00 MB,0.00 MB,0.0%,0.0%,
RD3512,RD3512-NUC,0.00 MB,0.00 MB,0.0%,0.00 MB,0.00 MB,0.0%,0.0%,
RD3513,RD3513-NUC,0.00 MB,0.00 MB,0.0%,0.00 MB,0.00 MB,0.0%,0.0%,
RD3514,RD3514-NUC,0.00 MB,0.00 MB,0.0%,0.00 MB,0.00 MB,0.0%,0.0%,
RD3515,RD3515-NUC,0.00 MB,0.00 MB,0.0%,0.00 MB,0.00 MB,0.0%,0.0%,
RD3516,RD3516-NUC,0.00 MB,0.00 MB,0.0%,0.00 MB,0.00 MB,0.0%,0.0%,
RD3517,RD3517-NUC,0.00 MB,0.00 MB,0.0%,0.00 MB,0.00 MB,0.0%,0.0%,
RD3519,RD3519-NUC,0.00 MB,0.00 MB,0.0%,0.00 MB,0.00 MB,0.0%,0.0%,
RD3520,RD3520-NUC,0.00 MB,0.00 MB,0.0%,0.00 MB,0.00 MB,0.0%,0.0%,
RD3522,RD3522-NUC,0.00 MB,0.00 MB,0.0%,0.00 MB,0.00 MB,0.0%,0.0%,
RD3523,RD3523-NUC,0.00 MB,0.00 MB,0.0%,0.00 MB,0.00 MB,0.0%,0.0%,
RD3524,RD3524-NUC,0.00 MB,0.00 MB,0.0%,0.00 MB,0.00 MB,0.0%,0.0%,
RD3525,RD3525-NUC,0.00 MB,0.00 MB,0.0%,0.00 MB,0.00 MB,0.0%,0.0%,
RD3526,RD3526-NUC,0.00 MB,0.00 MB,0.0%,0.00 MB,0.00 MB,0.0%,0.0%,
RD3527,RD3527-NUC,0.00 MB,0.00 MB,0.0%,0.00 MB,0.00 MB,0.0%,0.0%,
RD3528,RD3528-NUC,0.00 MB,0.00 MB,0.0%,0.00 MB,0.00 MB,0.0%,0.0%,
RD3529,RD3529-NUC,0.00 MB,0.00 MB,0.0%,0.00 MB,0.00 MB,0.0%,0.0%,
RD3530,RD3530-NUC,0.00 MB,0.00 MB,0.0%,0.00 MB,0.00 MB,0.0%,0.0%,
RD3531,RD3531-NUC,0.00 MB,0.00 MB,0.0%,0.00 MB,0.00 MB,0.0%,0.0%,
RD3532,RD3532-NUC,0.00 MB,0.00 MB,0.0%,0.00 MB,0.00 MB,0.0%,0.0%,
RD3533,RD3533-NUC,0.00 MB,0.00 MB,0.0%,0.00 MB,0.00 MB,0.0%,0.0%,
RD3534,RD3534-NUC,0.00 MB,0.00 MB,0.0%,0.00 MB,0.00 MB,0.0%,0.0%,
RD3535,RD3535-NUC,0.00 MB,0.00 MB,0.0%,0.00 MB,0.00 MB,0.0%,0.0%,
RD3536,RD3536-NUC,0.00 MB,0.00 MB,0.0%,0.00 MB,0.00 MB,0.0%,0.0%,
RD3537,RD3537-NUC,0.00 MB,0.00 MB,0.0%,0.00 MB,0.00 MB,0.0%,0.0%,
RD3538,RD3538-NUC,0.00 MB,0.00 MB,0.0%,0.00 MB,0.00 MB,0.0%,0.0%,
RD3539,RD3539-NUC,0.00 MB,0.00 MB,0.0%,0.00 MB,0.00 MB,0.0%,0.0%,
RD3540,RD3540-NUC,0.00 MB,0.00 MB,0.0%,0.00 MB,0.00 MB,0.0%,0.0%,
RD3541,RD3541-NUC,0.00 MB,0.00 MB,0.0%,0.00 MB,0.00 MB,0.0%,0.0%,
RD3542,RD3542-NUC,0.00 MB,0.00 MB,0.0%,0.00 MB,0.00 MB,0.0%,0.0%,
RD3543,RD3543-NUC,0.00 MB,0.00 MB,0.0%,0.00 MB,0.00 MB,0.0%,0.0%,
RD3544,RD3544-NUC,0.00 MB,0.00 MB,0.0%,0.00 MB,0.00 MB,0.0%,0.0%,
RD3545,RD3545-NUC,0.00 MB,0.00 MB,0.0%,0.00 MB,0.00 MB,0.0%,0.0%,
RD3546,RD3546-NUC,0.00 MB,0.00 MB,0.0%,0.00 MB,0.00 MB,0.0%,0.0%,
RD3547,RD3547-NUC,0.00 MB,0.00 MB,0.0%,0.00 MB,0.00 MB,0.0%,0.0%,
RD3548,RD3548-NUC,0.00 MB,0.00 MB,0.0%,0.00 MB,0.00 MB,0.0%,0.0%,
RD3549,RD3549-NUC,0.00 MB,0.00 MB,0.0%,0.00 MB,0.00 MB,0.0%,0.0%,
RD3550,RD3550-NUC,,,,,,,,ram_total;ram_used;ram_util_pct;pagefile_total;pagefile_free;pagefile_free_pct;pagefile_used_pct
RD3552,RD3552-NUC,,,,,,,,ram_total;ram_used;ram_util_pct;pagefile_total;pagefile_free;pagefile_free_pct;pagefile_used_pct
RD3553,RD3553-NUC,,,,,,,,ram_total;ram_used;ram_util_pct;pagefile_total;pagefile_free;pagefile_free_pct;pagefile_used_pct
RD3554,RD3554-NUC,,,,,,,,ram_total;ram_used;ram_util_pct;pagefile_total;pagefile_free;pagefile_free_pct;pagefile_used_pct
RD3556,RD3556-NUC,,,,,,,,ram_total;ram_used;ram_util_pct;pagefile_total;pagefile_free;pagefile_free_pct;pagefile_used_pct
